{"losses": [0.5109295621745676, 0.30171150342693565, 0.2628547501680231, 0.24061989331736874, 0.21768604158687915, 0.19623410669174846, 0.18614317488222848, 0.1909509030742378, 0.17997403516088656, 0.1755542885213889, 0.17089856435462591, 0.1632445043121372, 0.1633008605377043, 0.155533592079349, 0.1482056437588885], "val_losses": [0.2824363193055182, 0.2697888838117028, 0.25988559681703327, 0.19778281679867932, 0.17295248904666694, 0.1676292109948112, 0.16496030118675523, 0.17665326007645318, 0.1792822624784722, 0.14995103190084763, 0.15768817382982686, 0.17736980923816895, 0.15959080694449881, 0.16390751606306536, 0.1467247354663484], "accuracies": [0.7469210857219908, 0.8396874231730069, 0.8703900827123946, 0.8862908158418683, 0.8989453617560139, 0.9101072925422369, 0.9136684202537385, 0.9156075430995879, 0.9142391256233244, 0.9157080494245908, 0.922949313521936, 0.9233408451375972, 0.9273781549057065, 0.9266737710632025, 0.9367064150476773], "val_accuracies": [0.8958180850355979, 0.8665395010980348, 0.8746893835254309, 0.9123819593302822, 0.9174616981873281, 0.9378100637845499, 0.9245644599303136, 0.9044970019986676, 0.917940097799511, 0.9295867548098302, 0.9185128106337892, 0.9501149425287356, 0.9377489041056642, 0.9366666666666666, 0.9327177700348432], "precisions": [0.9437354988399071, 0.9295243619489559, 0.9437354988399071, 0.9463457076566125, 0.9541763341067285, 0.9573665893271461, 0.9588167053364269, 0.9611368909512761, 0.9593967517401392, 0.9588167053364269, 0.9646171693735499, 0.9625870069605569, 0.9675174013921114, 0.9640371229698376, 0.9715777262180975], "val_precisions": [0.9686746987951808, 0.9204819277108434, 0.9036144578313253, 0.9542168674698795, 0.9493975903614458, 0.963855421686747, 0.9518072289156626, 0.9253012048192771, 0.946987951807229, 0.9686746987951808, 0.944578313253012, 0.9855421686746988, 0.9662650602409638, 0.9783132530120482, 0.9566265060240964], "recalls": [0.8022682445759369, 0.8975077009241109, 0.9135317237507019, 0.9298945568538045, 0.933863184785694, 0.9439519588218473, 0.9464643572860005, 0.9449672084402624, 0.9462242562929062, 0.9494543365881677, 0.9492009132420092, 0.953735632183908, 0.9501566505269154, 0.9559965487489215, 0.9563231515843562], "val_recalls": [0.8893805309734514, 0.9249394673123487, 0.9566326530612245, 0.9406175771971497, 0.9563106796116505, 0.963855421686747, 0.9634146341463414, 0.9721518987341772, 0.960880195599022, 0.9414519906323185, 0.9655172413793104, 0.9402298850574713, 0.9593301435406698, 0.9333333333333333, 0.9682926829268292], "specificities": [0.3516572352465643, 0.704122877930477, 0.7510105092966856, 0.8011317704122878, 0.8116410670978172, 0.841552142279709, 0.8488278092158448, 0.8439773645917542, 0.8480194017784963, 0.8577202910266775, 0.8561034761519806, 0.8698464025869038, 0.8585286984640259, 0.8763136620856912, 0.8763136620856912], "val_specificities": [0.7058823529411765, 0.8176470588235294, 0.9, 0.8529411764705882, 0.8941176470588236, 0.9117647058823529, 0.9117647058823529, 0.9352941176470588, 0.9058823529411765, 0.8529411764705882, 0.9176470588235294, 0.8470588235294118, 0.9, 0.8294117647058824, 0.9235294117647059]}