{"losses": [0.6888584735631095, 0.39609068544964954, 0.32317034404222383, 0.29999490608180196, 0.2867286641256955, 0.2668533125587076, 0.24061441595011201, 0.24353400047841944, 0.22887462901398664, 0.22769038361531904, 0.22639794084591605, 0.19270911303691882, 0.1924557142649292, 0.18520865963596744, 0.19672262472819632], "val_losses": [0.4234332772838016, 0.3188803212559759, 0.28528405186234573, 0.2506399917332746, 0.22347585327299263, 0.18356462169660961, 0.27287027789485324, 0.25318295864648827, 0.2347500133758008, 0.1833790789548344, 0.1860007636316557, 0.18079497716382262, 0.18219963412483428, 0.15934300215430108, 0.19128581560097335], "accuracies": [0.5338218678224791, 0.7687080840714332, 0.8194079216842796, 0.8272641324699818, 0.8438538254337458, 0.8504035854085572, 0.8742156130527112, 0.8733568575707713, 0.882713352131824, 0.8743629836653227, 0.8874170321043799, 0.8920034243674758, 0.8985785995690388, 0.8968729733272619, 0.8962034577554392], "val_accuracies": [0.7678354620950901, 0.8083759046402725, 0.8830100230868856, 0.8789499561485103, 0.8967021985343104, 0.901752669979909, 0.8128321092034103, 0.8429758070375124, 0.8883504492939667, 0.9080743243243243, 0.8861475036673581, 0.8961911577608141, 0.9324215890534377, 0.9275714523097375, 0.9335587198808125], "precisions": [0.45910672853828305, 0.8080046403712297, 0.8590487238979119, 0.8648491879350348, 0.8805104408352669, 0.888631090487239, 0.9083526682134571, 0.9098027842227379, 0.9173433874709976, 0.9103828306264501, 0.9205336426914154, 0.9240139211136891, 0.9303944315545244, 0.9245939675174014, 0.9260440835266821], "val_precisions": [0.7783132530120482, 0.7686746987951807, 0.9301204819277108, 0.908433734939759, 0.9204819277108434, 0.9204819277108434, 0.7686746987951807, 0.8265060240963855, 0.8987951807228916, 0.9325301204819277, 0.8891566265060241, 0.9180722891566265, 0.9590361445783132, 0.9518072289156626, 0.963855421686747], "recalls": [0.7740831295843521, 0.9295962629295963, 0.9493589743589743, 0.9536296770067157, 0.9589387239418825, 0.9586983729662077, 0.9669651126891016, 0.9640442532267978, 0.9669825741363497, 0.964658881376767, 0.9691603053435115, 0.9707495429616088, 0.9709443099273608, 0.9767156862745098, 0.9737724916132967], "val_recalls": [0.9255014326647565, 0.9845679012345679, 0.9346246973365617, 0.9568527918781726, 0.9670886075949368, 0.9744897959183674, 0.9906832298136646, 0.9884726224783862, 0.9815789473684211, 0.9675, 0.9892761394101877, 0.9694656488549618, 0.9636803874092009, 0.9681372549019608, 0.9569377990430622], "specificities": [0.6265157639450283, 0.8294260307194826, 0.872271624898949, 0.8827809215844786, 0.8949070331447049, 0.8932902182700081, 0.9135004042037187, 0.9054163298302345, 0.9126919967663703, 0.9070331447049312, 0.9183508488278093, 0.9223928860145514, 0.9223928860145514, 0.9385610347615198, 0.9304769603880356], "val_specificities": [0.8470588235294118, 0.9705882352941176, 0.8411764705882353, 0.9, 0.9235294117647059, 0.9411764705882353, 0.9823529411764705, 0.9764705882352941, 0.9588235294117647, 0.9235294117647059, 0.9764705882352941, 0.9294117647058824, 0.9117647058823529, 0.9235294117647059, 0.8941176470588236]}